<?xml version="1.0" encoding="UTF-8"?>
<p:root xmlns:p="http://www.surething.co.uk/schemas/ph/radar" xmlns:xsi="http://www.w3.org/2001/XMLSchema-instance" xsi:schemaLocation="http://www.surething.co.uk/schemas/ph/radar radar_model_members_v1.xsd ">
  <p:Quote>
    <p:Quote_Number value=""/>
    <p:Policy_Type value=""/>
    <p:Policy_Radar_Version value=""/>
    <p:Policy_Test_Group value="0"/>
    <p:Policy_Rated_Driver value="0"/>
    <p:Prem_Quote_to_Panel value="0.0"/>
    <p:BusinessRules_Result value=""/>
    <p:BusinessRules_DetailedResult value=""/>
    <p:BusinessRules_DataValidation value=""/>
    <p:BusinessRules_ErrorMessages value=""/>
    <p:BusinessRules_Endorsements value=""/>
    <p:Policy_Compulsory_XS value="0"/>
    <p:Prem_Contrib_to_Expenses value="0.0"/>
    <p:Prem_claims value="0.0"/>
    <p:Prem_large_claims value="0.0"/>
    <p:Prem_expenses value="0.0"/>
    <p:Prem_RI value="0.0"/>
    <p:Prem_Levies value="0.0"/>
    <p:d1_Named_Driver_Age value="0"/>
    <p:d1_residenceYears value="0"/>
    <p:d1_Named_Driver_Experience_Years value="0"/>
    <p:d2_Named_Driver_Age value="0"/>
    <p:d2_residenceYears value="0"/>
    <p:d2_Named_Driver_Experience_Years value="0"/>
    <p:d3_Named_Driver_Age value="0"/>
    <p:d3_residenceYears value="0"/>
    <p:d3_Named_Driver_Experience_Years value="0"/>
    <p:d4_Named_Driver_Age value="0"/>
    <p:d4_residenceYears value="0"/>
    <p:d4_Named_Driver_Experience_Years value="0"/>
    <p:d5_Named_Driver_Age value="0"/>
    <p:d5_residenceYears value="0"/>
    <p:d5_Named_Driver_Experience_Years value="0"/>
    <p:Worst_Non_Rated_Driver_Age value="0"/>
    <p:Worst_Non_Rated_Driver_YHL value="0"/>
    <p:Worst_Non_Rated_Driver_ResidenceYears value="0"/>
    <p:Worst_Non_Rated_Driver_MaritalStatus value=""/>
    <p:Worst_Non_Rated_Driver_Occupation value=""/>
    <p:ClnP_Usage value=""/>
    <p:ClnP_DOB value="2001-12-31T12:00:00"/>
    <p:ClnP_Gender_Code value=""/>
    <p:ClnP_Marital_Status_Code value=""/>
    <p:ClnP_Refused_Insurance_Flag value=""/>
    <p:ClnP_Previous_Convictions_Flag value=""/>
    <p:ClnP_Smoker_Flag value=""/>
    <p:ClnP_Occupation value=""/>
    <p:ClnP_Occupation_Status value=""/>
    <p:ClnP_Employer value=""/>
    <p:ClnP_Part_Time_Occupation value=""/>
    <p:ClnP_Part_Time_Occupation_Status value=""/>
    <p:ClnP_Part_Time_Employer value=""/>
    <p:ClnP_Number_of_Other_Vehicles value="0"/>
    <p:Policy_Date_of_First_Quote value="2001-12-31T12:00:00"/>
    <p:Policy_Inception_DateTime value="2001-12-31T12:00:00"/>
    <p:Policy_Start_DateTime value="2001-12-31T12:00:00"/>
    <p:Risk_Start_DateTime value=""/>
    <p:Risk_Postcode value=""/>
    <p:Policy_Postcode value=""/>
    <p:Policy_Source_Original value=""/>
    <p:Policy_Source_Current value=""/>
    <p:Agency value=""/>
    <p:Risk_Affinity_Code value=""/>
    <p:Policy_Branch value=""/>
    <p:NCB_Years value="0"/>
    <p:Claim_Free_Years value="0"/>
    <p:NCB_Source value=""/>
    <p:Voluntary_Excess value="0"/>
    <p:Cover_Type_Detail value=""/>
    <p:Previous_Payment_Method value=""/>
    <p:Policy_Frequency value=""/>
    <p:Quote_Type value=""/>
    <p:Annual_Mileage value="0"/>
    <p:Annual_Business_Mileage value="0"/>
    <p:Class_of_Use_Code value=""/>
    <p:Protected_NCB value=""/>
    <p:Driving_Restrictions value=""/>
    <p:Proposer_Is_Keeper_Flag value=""/>
    <p:Owner_Type value=""/>
    <p:Vehicle_Type value=""/>
    <p:Year_of_Make value="0"/>
    <p:Purchase_Date value="2001-12-31T12:00:00"/>
    <p:Price_Paid value="0"/>
    <p:Present_Market_Value value="0"/>
    <p:Where_Kept value=""/>
    <p:Alarm value=""/>
    <p:Immobiliser value=""/>
    <p:Tracker value=""/>
    <p:Body value=""/>
    <p:Vehicle_Modification_Flag value=""/>
    <p:Modification1 value=""/>
    <p:Modification2 value=""/>
    <p:Modification3 value=""/>
    <p:Modification4 value=""/>
    <p:Modification5 value=""/>
    <p:Left_Hand_Drive_Flag value=""/>
    <p:ABS_Flag value=""/>
    <p:Number_of_Doors value="0"/>
    <p:Number_of_Seats value="0"/>
    <p:Fuel value=""/>
    <p:Transmission value=""/>
    <p:Previous_Bonus_Protect_Flag value=""/>
    <p:Vehicle_Colour value=""/>
    <p:Vehicle_Finish value=""/>
    <p:d1_Named_Driver_Id value="0"/>
    <p:d1_Named_Driver_DOB value="2001-12-31T12:00:00"/>
    <p:d1_Named_Driver_Gender value=""/>
    <p:d1_Named_Driver_Marital_Status value=""/>
    <p:d1_Named_Driver_Occupation value=""/>
    <p:d1_Named_Driver_Employer value=""/>
    <p:d1_Named_Driver_Occupation_Status value=""/>
    <p:d1_Named_Driver_Part_Time_Occupation value=""/>
    <p:d1_Named_Driver_Part_Time_Employer value=""/>
    <p:d1_Named_Driver_Part_Time_Occupation_Status value=""/>
    <p:d1_UkResidencyDate value="2001-12-31T12:00:00"/>
    <p:d1_Relation_To_Proposer value=""/>
    <p:d1_Driver_Type value=""/>
    <p:d1_Access_To_Other_Vehicles value=""/>
    <p:d1_Use_of_Vehicle value=""/>
    <p:d1_Licence_Category value=""/>
    <p:d1_Licence_Type value=""/>
    <p:d1_Number_of_Tests_Taken value="0"/>
    <p:d1_Test_Passed_Date value="2001-12-31T12:00:00"/>
    <p:d1o1_Convictions_Details_Code value=""/>
    <p:d1o1_Offence_Date_Id value="2001-12-31T12:00:00"/>
    <p:d1o1_Number_of_Conviction_Points value="0"/>
    <p:d1o1_Fine_Amount value="0.0"/>
    <p:d1o1_Number_of_Months_Suspended value="0"/>
    <p:d1o1_Drink_ReadingType value=""/>
    <p:d1o1_Drink_ReadingValue value="0.0"/>
    <p:D1O2_Repeat_D1O1 value=""/>
    <p:D1O3_Repeat_D1O1 value=""/>
    <p:D1O4_Repeat_D1O1 value=""/>
    <p:D1O5_Repeat_D1O1 value=""/>
    <p:d1c1_Claim_Category value=""/>
    <p:d1c1_Incident_Date_Id value="2001-12-31T12:00:00"/>
    <p:d1c1_NCB_Prejudiced_Flag value=""/>
    <p:d1c1_Own_Damage_Cost value="0.0"/>
    <p:d1c1_Personal_Injury_Flag value=""/>
    <p:d1c1_Third_Party_Cost value="0.0"/>
    <p:d1c1_Under_This_Policy_Flag value=""/>
    <p:D1C2_Repeat_D1C1 value=""/>
    <p:D1C3_Repeat_D1C1 value=""/>
    <p:D1C4_Repeat_D1C1 value=""/>
    <p:D1C5_Repeat_D1C1 value=""/>
    <p:DRIVER_2 value=""/>
    <p:DRIVER_3 value=""/>
    <p:DRIVER_4 value=""/>
    <p:DRIVER_5 value=""/>
    <p:Postcode_Group1 value="0"/>
    <p:Postcode_Group2 value="0"/>
    <p:Postcode_Group3 value="0"/>
    <p:Postcode_Group4 value="0"/>
    <p:Postcode_Group5 value="0"/>
    <p:Postcode_Group6 value="0"/>
    <p:Postcode_Group7 value="0"/>
    <p:Postcode_Group8 value="0"/>
    <p:Postcode_Group9 value="0"/>
    <p:Postcode_Group10 value="0"/>
    <p:Postcode_Group11 value="0"/>
    <p:Postcode_Group12 value="0"/>
    <p:Postcode_Group13 value="0"/>
    <p:Postcode_Group14 value="0"/>
    <p:Postcode_Group15 value="0"/>
    <p:Postcode_Group_Version value="0"/>
    <p:Postcode_Sector_Not_Found value="0"/>
    <p:Vehicle_Group1 value="0"/>
    <p:Vehicle_Group2 value="0"/>
    <p:Vehicle_Group3 value="0"/>
    <p:Vehicle_Group4 value="0"/>
    <p:Vehicle_Group5 value="0"/>
    <p:Vehicle_Group6 value="0"/>
    <p:Vehicle_Group7 value="0"/>
    <p:Vehicle_Group8 value="0"/>
    <p:Vehicle_Group9 value="0"/>
    <p:Vehicle_Group10 value="0"/>
    <p:Vehicle_Group_Version value="0"/>
    <p:Vehicle_Not_Matched_Flag value="0"/>
    <p:Existing_customer_same_vehicle value=""/>
    <p:Existing_customer_different_vehicle value=""/>
    <p:Time_since_last_on_cover_with_Surething value=""/>
    <p:Number_of_previous_policies value=""/>
    <p:Number_of_previous_renewals value=""/>
    <p:Number_defaults_on_previous_policies value=""/>
    <p:Number_of_cancellations value=""/>
    <p:Number_of_MTAs_with_Surething_Broker value=""/>
    <p:Number_of_vehicle_change_MTAs_with_Surething_Broker value=""/>
    <p:Number_of_claims_with_Surething_Broker value=""/>
    <p:Previous_Policy_Annual_Premium value=""/>
    <p:Previous_Compulsory_Excess value=""/>
    <p:Actual_Payment_Method value=""/>
    <p:Auto_Renew value=""/>
    <p:Missed_Payment_Flag value=""/>
    <p:NB_Inception_Gap value=""/>
    <p:Tenure_Relianz value=""/>
    <p:Tenure_Surething_Broker value=""/>
    <p:Pass_Plus value=""/>
    <p:Own_Insurance_Last_12_months value=""/>
    <p:Provided_Driving_Licence value=""/>
    <p:Vehicle_Used_Wedding_Hire value=""/>
    <p:Side_Car_Fitted_Flag value=""/>
    <p:Exclude_Pillion_Flag value=""/>
    <p:Gross_Weight value="0"/>
    <p:Trailer_Weight value="0"/>
    <p:Radius_Limit value="0"/>
    <p:Van_Racking value=""/>
    <p:Van_Signage value=""/>
    <p:Van_Public_Liability value=""/>
    <p:Van_DrinkDrive_Course value=""/>
    <p:Van_Previous_Policy_Made_Void value=""/>
    <p:Van_Num_CCJS value=""/>
    <p:Van_Refridgerated value=""/>
    <p:Van_Business_Established_Months value=""/>
    <p:Van_Special_Apparatus value=""/>
    <p:Van_NCB_Other_Vehicles value=""/>
    <p:Van_Hazardous_Goods value=""/>
    <p:Van_Years_Held_Insurance value=""/>
    <p:Van_Trade_Body_Member value=""/>
    <p:Van_Driving_Experience value=""/>
    <p:Van_Trailers value=""/>
    <p:Multiple_product_information value=""/>
  </p:Quote>
</p:root>
